
/* Table Creation */

CREATE TABLE Ability (
  ability_ID int(11) NOT NULL,
  abilityName char(50) DEFAULT NULL,
  PRIMARY KEY (ability_ID);
) 

CREATE TABLE AffiliTAB (
  Aff_ID varchar(30) NOT NULL,
  Affliliation varchar(30) NOT NULL,
  PRIMARY KEY (Aff_ID);
) 

CREATE TABLE CanDo (
  Hero_ID int(11) NOT NULL,
  ability_ID int(11) NOT NULL,
  PRIMARY KEY (Hero_ID,ability_ID),
  FOREIGN KEY (ability_ID) REFERENCES Ability (ability_id) ON DELETE CASCADE,
  FOREIGN KEY (Hero_ID) REFERENCES Hero (hero_id);
) 


CREATE TABLE FightResult (
  schedule_ID int(11) NOT NULL,
  Location varchar(6) NOT NULL,
  Winner int(11) NOT NULL,
  Loser int(11) NOT NULL,
  PRIMARY KEY (schedule_ID,Location),
) 


CREATE TABLE FightSchedule (
  fight_ID int(11) NOT NULL,
  Schedule_ID int(11) NOT NULL,
  Location varchar(6) NOT NULL,
  PRIMARY KEY (fight_ID,Schedule_ID,Location),
  FOREIGN KEY (Loser) REFERENCES Hero (hero_id) ON DELETE CASCADE ON UPDATE CASCADE,
  FOREIGN KEY (schedule_ID,Location) REFERENCES FightSchedule (schedule_id, location) ON DELETE CASCADE ON UPDATE CASCADE,
  FOREIGN KEY (schedule_ID) REFERENCES Sche (schedule_id) ON DELETE CASCADE ON UPDATE CASCADE,
  FOREIGN KEY (Winner) REFERENCES Hero (hero_id) ON DELETE CASCADE ON UPDATE CASCADE;
) 

CREATE TABLE HasEarnedMedal (
  Hero_ID int(11) NOT NULL,
  medal_ID int(11) NOT NULL,
  medalDate date DEFAULT NULL,
  PRIMARY KEY (medal_ID,Hero_ID),
  FOREIGN KEY (Hero_ID) REFERENCES Hero (hero_id) ON DELETE CASCADE ON UPDATE CASCADE,
  FOREIGN KEY (medal_ID) REFERENCES MedalHonors (medal_id) ON DELETE CASCADE ON UPDATE CASCADE;

) 

CREATE TABLE Hero (
  Hero_ID int(11) NOT NULL,
  heroName char(30) NOT NULL,
  weight double DEFAULT NULL,
  height double DEFAULT NULL,
  affiliation char(30) DEFAULT NULL,
  location char(6) DEFAULT NULL,
  biologicalRace char(7) DEFAULT NULL,
  DOB date DEFAULT NULL,
  heroStatus char(7) DEFAULT NULL,
  heroRank_ID int(11) NOT NULL,
  powerStat_ID int(11) NOT NULL,
  PRIMARY KEY (Hero_ID),
  FOREIGN KEY (affiliation) REFERENCES AffiliTAB (aff_id) ON DELETE CASCADE ON UPDATE CASCADE,
  FOREIGN KEY (heroRank_ID) REFERENCES HeroRank (herorank_id) ON DELETE CASCADE ON UPDATE CASCADE,
  FOREIGN KEY (powerStat_ID) REFERENCES PowerStats (powerstatsid) ON DELETE CASCADE ON UPDATE CASCADE;
) 


CREATE TABLE HeroDobAge (
  DOB date NOT NULL,
  age int(11) DEFAULT NULL,
  PRIMARY KEY (DOB),
  FOREIGN KEY (DOB) REFERENCES Hero (dob) ON DELETE CASCADE;
) 

CREATE TABLE HeroRank (
  Hero_ID int(11) DEFAULT NULL,
  HeroRank_ID int(11) NOT NULL,
  salary int(11) DEFAULT NULL,
  PRIMARY KEY (HeroRank_ID),
  FOREIGN KEY (Hero_ID) REFERENCES Hero (hero_id) ON DELETE CASCADE;
) 

CREATE TABLE Hero_schedule (
  Hero_ID int(11) NOT NULL,
  Schedule_ID int(11) NOT NULL,
  Available varchar(6) NOT NULL DEFAULT 'Yes'
  PRIMARY KEY (Hero_ID,Schedule_ID),
  FOREIGN KEY (Hero_ID) REFERENCES Hero (hero_id) ON DELETE CASCADE ON UPDATE CASCADE,
  FOREIGN KEY (Schedule_ID) REFERENCES Sche (schedule_id) ON DELETE CASCADE ON UPDATE CASCADE;
) 


CREATE TABLE MedalHonors (
  medal_ID int(11) NOT NULL,
  title char(60) DEFAULT NULL,
  PRIMARY KEY (medal_ID),
) 

CREATE TABLE PowerStats (
  powerStatsID int(11) NOT NULL,
  Hero_ID int(11) NOT NULL,
  dex int(11) DEFAULT NULL,
  durability int(11) DEFAULT NULL,
  luck int(11) DEFAULT NULL,
  strength int(11) DEFAULT NULL,
  intelligence int(11) DEFAULT NULL,
  PRIMARY KEY (powerStatsID,Hero_ID),
  FOREIGN KEY (Hero_ID) REFERENCES Hero (hero_id) ON DELETE CASCADE ON UPDATE CASCADE;
) 

CREATE TABLE Sche (
  schedule_ID int(11) NOT NULL,
  sDate date NOT NULL,
  PRIMARY KEY (schedule_ID),
) 


CREATE TABLE users (
  id int(11) NOT NULL,
  username char(50) NOT NULL,
  password char(50) DEFAULT NULL,
  Hero_ID int(11) DEFAULT NULL,
  is_admin tinyint(1) NOT NULL DEFAULT 0,
  PRIMARY KEY (id),
  FOREIGN KEY (Hero_ID) REFERENCES Hero (hero_id) ON DELETE SET NULL;
) 

/* Tuple Population */

INSERT INTO Ability (ability_ID, abilityName) VALUES
(0, 'Immeasurable Physical Prowess'),
(1, 'Supernatural Reflexes and Senses'),
(2, 'Enhanced Fighting Skill'),
(3, 'Full Cyborg Weaponry'),
(4, 'Extreme Luck'),
(5, 'Psychokinesis'),
(6, 'Superhuman Physical Prowess'),
(7, 'Invulnerability'),
(8, 'Indomitable Will'),
(9, 'Master Combatant'),
(10, 'Highly Skilled and Strategist Combatant'),
(11, 'Water Stream Rock Smashing Fist'),
(12, 'Mastered Swordsmanship'),
(13, 'Backpack'),
(14, 'Remote Robot'),
(15, 'Master Gamer'),
(16, 'Regeneration'),
(17, 'Inhuman Digestive System'),
(18, 'Superhuman Speed and Agility'),
(19, 'Fighting Spirit'),
(20, 'Immense Strength'),
(21, 'Immense Speed'),
(22, 'Puri-Puri prisoner Angel'),
(23, 'Immense Speed and Reflexes'),
(24, 'Mental Resistance'),
(25, 'Immense Endurance'),
(26, 'Enhanced Senses'),
(27, 'Spear Techniques'),
(28, 'Enhanced Speed'),
(29, 'Enhanced Agility'),
(30, 'Enhanced Strength'),
(31, 'Lighting Kick'),
(32, 'Round House Kick'),
(33, 'Superhuman Speed'),
(34, 'Sharpshooting'),
(35, 'Swordmanship'),
(36, 'Enhanced Durability'),
(37, 'Pain Supression'),
(38, 'Impressive Voice');


INSERT INTO AffiliTAB (Aff_ID, Affliliation) VALUES
('Blizzard Group', 'Blizzard Group'),
('Council of Swordmasters', 'Council of Swordmasters'),
('Hero Association', 'Hero Association'),
('House of Evolution', 'House of Evolution'),
('Saitama Group', 'Saitama Group'),
('Tank Topper Army', 'tank Topper Army');

INSERT INTO CanDo (Hero_ID, ability_ID) VALUES
(0, 0),
(9999, 0),
(0, 1),
(9999, 1),
(0, 2),
(1, 2),
(9999, 2),
(1, 3),
(9999, 3),
(2, 4),
(9999, 4),
(3, 5),
(12, 5),
(9999, 5),
(4, 6),
(14, 6),
(110, 6),
(111, 6),
(115, 6),
(117, 6),
(9999, 6),
(0, 7),
(9999, 7),
(0, 8),
(9999, 8),
(0, 9),
(9999, 9),
(1, 10),
(9999, 10),
(4, 11),
(9999, 11),
(14, 12),
(24, 12),
(9999, 12),
(15, 13),
(9999, 13),
(16, 14),
(9999, 14),
(2, 15),
(9999, 15),
(18, 16),
(9999, 16),
(110, 17),
(9999, 17),
(113, 18),
(9999, 18),
(115, 19),
(9999, 19),
(25, 20),
(116, 20),
(334, 20),
(481, 20),
(513, 20),
(9999, 20),
(24, 21),
(116, 21),
(9999, 21),
(117, 22),
(9999, 22),
(21, 23),
(22, 23),
(23, 23),
(9999, 23),
(22, 24),
(9999, 24),
(3, 25),
(26, 25),
(27, 25),
(51, 25),
(310, 25),
(334, 25),
(337, 25),
(9999, 25),
(22, 26),
(23, 26),
(24, 26),
(9999, 26),
(310, 27),
(9999, 27),
(317, 28),
(337, 28),
(540, 28),
(589, 28),
(9999, 28),
(317, 29),
(456, 29),
(540, 29),
(9999, 29),
(51, 30),
(317, 30),
(334, 30),
(337, 30),
(450, 30),
(481, 30),
(513, 30),
(9999, 30),
(319, 31),
(9999, 31),
(319, 32),
(9999, 32),
(326, 33),
(328, 33),
(456, 33),
(9999, 33),
(326, 34),
(9999, 34),
(328, 35),
(9999, 35),
(51, 36),
(456, 36),
(589, 36),
(9999, 36),
(51, 37),
(5331, 37),
(5385, 37),
(9999, 37),
(481, 38),
(9999, 38);

INSERT INTO FightResult (schedule_ID, Location, Winner, Loser) VALUES
(0, 'X-CITY', 23, 111),
(1, 'Z-CITY', 24, 114),
(2, 'Z-CITY', 25, 317),
(3, 'X-CITY', 115, 17),
(4, 'W-CITY', 17, 23),
(5, 'X-CITY', 589, 456),
(6, 'A-CITY', 12, 5385),
(7, 'A-CITY', 112, 15),
(8, 'Z-CITY', 116, 112),
(9, 'Z-CITY', 110, 310),
(10, 'E-CITY', 513, 481),
(11, 'M-CITY', 450, 22),
(12, 'Z-CITY', 5385, 117),
(13, 'M-CITY', 117, 16),
(14, 'A-CITY', 18, 51),
(15, 'A-CITY', 41, 44),
(16, 'M-CITY', 13, 450),
(17, 'M-CITY', 14, 513),
(18, 'Z-CITY', 19, 25),
(19, 'E-CITY', 540, 540),
(20, 'E-CITY', 310, 5331),
(21, 'X-CITY', 39, 41),
(22, 'Z-CITY', 113, 337),
(23, 'E-CITY', 21, 326),
(24, 'M-CITY', 5331, 319),
(25, 'A-CITY', 337, 18),
(26, 'M-CITY', 22, 27),
(27, 'E-CITY', 111, 522),
(28, 'A-CITY', 328, 19),
(29, 'E-CITY', 481, 12),
(30, 'A-CITY', 334, 21),
(31, 'E-CITY', 317, 24),
(32, 'Z-CITY', 51, 110);


INSERT INTO FightSchedule (fight_ID, Schedule_ID, Location) VALUES
(0, 0, 'X-CITY'),
(1, 1, 'Z-CITY'),
(2, 2, 'Z-CITY'),
(3, 3, 'X-CITY'),
(4, 4, 'W-CITY'),
(5, 5, 'X-CITY'),
(6, 6, 'A-CITY'),
(7, 7, 'A-CITY'),
(8, 8, 'Z-CITY'),
(9, 9, 'Z-CITY'),
(10, 10, 'E-CITY'),
(11, 11, 'M-CITY'),
(12, 12, 'Z-CITY'),
(13, 13, 'M-CITY'),
(14, 14, 'A-CITY'),
(15, 15, 'A-CITY'),
(16, 16, 'M-CITY'),
(17, 17, 'M-CITY'),
(18, 18, 'Z-CITY'),
(19, 19, 'E-CITY'),
(20, 20, 'E-CITY'),
(21, 21, 'X-CITY'),
(22, 22, 'Z-CITY'),
(23, 23, 'E-CITY'),
(24, 24, 'M-CITY'),
(25, 25, 'A-CITY'),
(26, 26, 'M-CITY'),
(27, 27, 'E-CITY'),
(28, 28, 'A-CITY'),
(29, 29, 'E-CITY'),
(30, 30, 'A-CITY'),
(31, 31, 'E-CITY'),
(32, 32, 'Z-CITY');

INSERT INTO Hero (Hero_ID, heroName, weight, height, affiliation, location, biologicalRace, DOB, heroStatus, heroRank_ID, powerStat_ID) VALUES
(0, 'Saitama', 70, 175, 'Saitama Group', 'Z-City', 'Human', 1994-01-14, 'Alive', 75, 0),
(1, 'Genos', NULL, 178, 'Saitama Group', 'Z-City', 'Cyborg', 2000-05-07, 'Injured', 14, 1),
(2, 'King', 50, 187, 'Saitama Group', 'M-City', 'Human', 1990-03-08, 'Alive', 2, 2),
(3, 'Fubuki', NULL, NULL, 'Blizzard Group', 'A-City', 'Human', 1996-04-16, 'Alive', 18, 3),
(4, 'Bang', 55, 165, 'Hero Association', 'Z-City', 'Human', 1938-04-21, 'Alive', 3, 4),
(12, 'Tornado of Terror', NULL, 160, 'Hero Association', 'X-CITY', 'Esper', 1991-06-30, 'alive', 4, 13),
(13, 'Alex', 55, 165, 'Saitama Group', 'Z-CITY','Human', 1938-01-05, 'alive', 5, 10),
(14, 'Atomic Samurai', 71.3, 177, 'Council of Swordmasters', 'Z-CITY', 'Human', 1982-12-07, 'alive', 6, 15),
(15, 'Child Emperor', 35, 135, 'Hero Association',' X-CITY', 'Human', 2009-04-06, 'alive', 7, 11),
(16, 'Medal Knight', 250, 210, 'Hero Association', 'W-CITY', 'Human', 1992-05-06, 'injured', 8, 12),
(17, 'Lian', 68, 187, 'Saitama Group', 'X-CITY', 'Human', 1990-05-04, 'alive', 9, 10),
(18, 'Zombieman', 65, 174, 'House of Evolution', 'A-CITY', 'Mutant', 1995-07-07, 'alive', 10, 11),
(19, 'Drive Knight', 1254, 182, 'Hero Association', 'A-CITY', 'Cyborg', 1992-07-08, 'unk'no'wn', 11, 14),
(21, 'Sweet Mask', 78, 181, 'Hero Association', 'M-CITY', 'Human', 1993-04-07, 'injured', 12, 14),
(22, 'Laian', 63, 178, 'Hero Association',' M-CITY', 'Human', 1992-07-12, 'alive', 13, 10),
(23, 'Okamaitachi', 78, 182, 'Hero Association', 'Z-CITY', 'Human', 1993-07-04, 'alive', 114, 10),
(24, 'Bushidrill', 68, 167, 'Hero Association', 'E-CITY', 'Human', 1994-04-09, 'alive', 15, 11),
(25, 'Heavy Tank Loincloth', 122, NULL, 'Hero Association', 'E-CITY', 'Human', 2000-12-07, 'alive', 16, 12),
(26, 'Blue Fire', 59, 178, 'Hero Association', 'X-CITY', 'Human', 2002-07-03, 'injured', 17, 11),
(27, 'Magic Trick Man', 40, 159, 'Hero Association',' Z-CITY', 'Human', 2000-11-09, 'alive', 118, 10),
(39, 'Tanktop Vegetarian', 122, 215, 'Hero Association', 'E-CITY', 'Human', 1986-10-08, 'alive', 19, 10),
(41, 'Shahba'no'', 67, 167,' Hero Association', 'E-CITY', 'Human', 1995-07-13, 'alive', 20, 10),
(44, 'Shabab', 70, 175, 'Saitama Group', 'Z-CITY', 'Human', 1996-08-03, 'injured', 21, 11),
(51, 'Mumen Rider', 66, 170, 'Hero Association', 'Z-CITY', 'Human', 1993-02-08, 'alive', 22, 11),
(110, 'Pig God', 2133, 240, 'Hero Association', 'Z-CITY', 'Human', 1982-06-04, 'alive', 23, 11),
(111, 'Superalloy Darkshine', 250, 235, 'Hero Association', 'Z-CITY', 'Human', 1984-11-09, 'alive', 24, 10),
(112, 'Watchdog man', 55, 175, 'Hero Association', 'E-CITY', 'Human', 2000-04-07, 'alive', 25, 11),
(113, 'Flashy Flash', 65, 172, 'Hero Association', 'M-CITY', 'Human', 1987-01-01, 'alive', 26, 14),
(114, 'Demon Cyborg', 75, 178, 'Saitama Group', 'Z-CITY', 'Cyborg', 1993-08-09, 'injured', 27, 10),
(115, 'Metal Bat', 67, 168, 'Hero Association', 'M-CITY', 'Human', 1995-07-03, 'alive', 28, 11),
(116, 'Tanktop Master', 157, 230, 'Tank Topper Army', 'A-CITY', 'Human', 1995-03-06, 'alive', 29, 11),
(117, 'Puri-Puri Prisoner', 100, 220, 'Hero Association', 'A-CITY,' 'Human', 1998-02-06, 'alive', 30, 11),
(310, 'Stinger', 61, 184, 'Hero Association', 'M-CITY', 'Human', 1991-05-09, 'alive', 31, 11),
(317, 'Lighting Genji', 54, 165, 'Hero Association', 'A-CITY', 'Human', 1972-08-03, 'alive', 32, 11),
(319, 'Lighting Max', 60, 178, 'Hero Association', 'M-CITY', 'Human', 1982-06-03, 'injured', 33, 10),
(326, 'Golden Ball', 87, 195, 'Hero Association', 'E-CITY', 'Human', 1990-07-03, 'alive', 34, 10),
(328, 'Spring Mustachio', 63, 178, 'Council of Swordmasters', 'A-CITY', 'Human', 1996-08-02, 'alive', 35, 13),
(334, 'Heavy Kong', 98, 198, 'Hero Association', 'A-CITY', 'Human', 1994-09-06, 'alive', 36, 13),
(337, 'Biting Snake Fist', 64, 179, 'Hero Association', 'E-CITY', 'Human', 1993-05-07, 'injured', 37, 12),
(450, 'Jet Nice Guy', 54, 178, 'Hero Association', 'Z-CITY', 'Cyborg', 1999-12-07, 'alive', 38, 11),
(456, 'Darkness Blade', 73, 180, 'Hero Association', 'E-CITY', 'Human', 1991-11-07, 'alive', 39, 10),
(481, 'Tanktop Black Hole', 121, 213, 'Tank Topper Army', 'M-CITY', 'Human', 1994-07-05, 'alive', 40, 10),
(513, 'Tanktop Tiger', 126, 220, 'Tank Topper Army', 'M-CITY', 'Human', 1994-08-03, 'alive', 41, 10),
(522, 'D-Pad', 45, 176, 'Hero Association', 'A-CITY', 'Human', 1985-04-06, 'injured', 42, 10),
(540, 'Funeral Suspenders', 63, 175, 'Hero Association', 'A-CITY', 'Human', 1994-07-03, 'alive', 43, 10),
(589, 'Red Muffler', 56, 168, 'Hero Association', 'M-CITY', 'Human', 1999-04-07, 'alive', 44, 10),
(5331, 'Bunbunman', 61, 175, 'Hero Association', 'M-CITY', 'Human', 2001-09-03, 'injured', 45, 10),
(5385, 'Red 'No'se', 74, 172, 'Hero Association', 'Z-CITY', 'Human', 1995-08-03, 'alive', 46, 10),
(9999, 'Blast', 55, 185, 'Hero Association', 'A-CITY', 'Human', 1991-07-01, 'alive', 0, 10);


INSERT INTO HeroDobAge (DOB, age) VALUES
(1938-01-05, 81),
(1938-04-21, 81),
(1972-08-03, 47),
(1982-06-03, 37),
(1982-06-04, 37),
(1982-12-07, 37),
(1984-11-09, 35),
(1985-04-06, 34),
(1986-10-08, 33),
(1987-01-01, 32),
(1990-03-08, 29),
(1990-05-04, 29),
(1990-07-03, 29),
(1991-05-09, 28),
(1991-06-30, 28),
(1991-07-01, 28),
(1991-11-07, 28),
(1992-05-06, 27),
(1992-07-08, 27),
(1992-07-12, 27),
(1993-02-08, 26),
(1993-04-07, 26),
(1993-05-07, 26),
(1993-07-04, 26),
(1993-08-09, 26),
(1994-01-14, 25),
(1994-04-09, 25),
(1994-07-03, 25),
(1994-07-05, 25),
(1994-08-03, 25),
(1994-09-06, 25),
(1995-03-06, 24),
(1995-07-03, 24),
(1995-07-07, 24),
(1995-07-13, 24),
(1995-08-03, 24),
(1996-04-16, 23),
(1996-08-02, 23),
(1996-08-03, 23),
(1998-02-06, 21),
(1999-04-07, 20),
(1999-12-07, 20),
(2000-04-07, 19),
(2000-05-07, 19),
(2000-11-09, 19),
(2000-12-07, 19),
(2001-09-03, 18),
(2002-07-03, 17),
(2009-04-06, 10);

INSERT INTO HeroRank (Hero_ID, HeroRank_ID, salary) VALUES
(9999, 0, NULL),
(2, 2, 1000000),
(4, 3, 975000),
(12, 4, 1495262),
(13, 5, 995104),
(14, 6, 1263623),
(15, 7, 1203242),
(16, 8, 1478206),
(17, 9, 921416),
(18, 10, 1123804),
(19, 11, 1449105),
(110, 12, 1035656),
(111, 13, 1432687),
(1, 14, 150000),
(113, 15, 1371835),
(114, 16, 1228026),
(115, 17, 1315426),
(3, 18, 100000),
(117, 19, 1011851),
(21, 20, 668253),
(22, 21, 773561),
(23, 22, 685156),
(24, 23, 546053),
(25, 24, 508460),
(26, 25, 577524),
(27, 26, 634543),
(39, 27, 724758),
(310, 28, 745679),
(317, 29, 737503),
(319, 30, 549202),
(326, 31, 555056),
(328, 32, 686014),
(337, 33, 611138),
(334, 34, 536806),
(41, 35, 431495),
(44, 36, 490128),
(450, 37, 425475),
(456, 38, 483780),
(481, 39, 419275),
(51, 40, 191108),
(513, 41, 209639),
(522, 42, 137653),
(540, 43, 115754),
(589, 44, 147537),
(5331, 45, 240629),
(5385, 46, 113827),
(0, 75, 3500),
(112, 114, 1221618),
(116, 118, 1238692);

INSERT INTO Hero_schedule (Hero_ID, Schedule_ID, Available) VALUES
(12, 6, 'No'),
(12, 29, 'No'),
(12, 33, 'Yes'),
(13, 16, 'No'),
(13, 34, 'Yes'),
(14, 17, 'No'),
(14, 35, 'Yes'),
(15, 7, 'No'),
(15, 36, 'Yes'),
(16, 13, 'No'),
(16, 37, 'Yes'),
(17, 3, 'No'),
(17, 4, 'No'),
(17, 38, 'Yes'),
(18, 14, 'No'),
(18, 25, 'No'),
(18, 39, 'Yes'),
(19, 18, 'No'),
(19, 28, 'No'),
(19, 40, 'Yes'),
(21, 23, 'No'),
(21, 30, 'No'),
(21, 49, 'Yes'),
(22, 11, 'No'),
(22, 26, 'No'),
(22, 50, 'Yes'),
(23, 0, 'No'),
(23, 4, 'No'),
(23, 51, 'Yes'),
(24, 1, 'No'),
(24, 31, 'No'),
(24, 52, 'Yes'),
(25, 2, 'No'),
(25, 18, 'No'),
(25, 53, 'Yes'),
(26, 54, 'Yes'),
(27, 26, 'No'),
(27, 55, 'Yes'),
(39, 21, 'No'),
(39, 56, 'Yes'),
(41, 15, 'No'),
(41, 21, 'No'),
(41, 64, 'Yes'),
(44, 15, 'No'),
(44, 65, 'Yes'),
(51, 14, 'No'),
(51, 32, 'No'),
(51, 69, 'Yes'),
(110, 9, 'No'),
(110, 32, 'No'),
(110, 41, 'Yes'),
(111, 0, 'No'),
(111, 27, 'No'),
(111, 42, 'Yes'),
(112, 7, 'No'),
(112, 8, 'No'),
(112, 43, 'Yes'),
(113, 22, 'No'),
(113, 44, 'Yes'),
(114, 1, 'No'),
(114, 45, 'Yes'),
(115, 3, 'No'),
(115, 46, 'Yes'),
(116, 8, 'No'),
(116, 47, 'Yes'),
(117, 12, 'No'),
(117, 13, 'No'),
(117, 48, 'Yes'),
(310, 9, 'No'),
(310, 19, 'No'),
(310, 20, 'No'),
(310, 57, 'Yes'),
(317, 2, 'No'),
(317, 31, 'No'),
(317, 58, 'Yes'),
(319, 24, 'No'),
(319, 59, 'Yes'),
(326, 23, 'No'),
(326, 60, 'Yes'),
(328, 28, 'No'),
(328, 61, 'Yes'),
(334, 30, 'No'),
(334, 63, 'Yes'),
(337, 22, 'No'),
(337, 25, 'No'),
(337, 62, 'Yes'),
(450, 11, 'No'),
(450, 16, 'No'),
(450, 66, 'Yes'),
(456, 5, 'No'),
(456, 67, 'Yes'),
(481, 10, 'No'),
(481, 29, 'No'),
(481, 68, 'Yes'),
(513, 10, 'No'),
(513, 17, 'No'),
(513, 70, 'Yes'),
(522, 27, 'No'),
(522, 71, 'Yes'),
(540, 19, 'No'),
(540, 72, 'Yes'),
(589, 5, 'No'),
(589, 73, 'Yes'),
(5331, 20, 'No'),
(5331, 24, 'No'),
(5331, 74, 'Yes'),
(5385, 6, 'No'),
(5385, 12, 'No'),
(5385, 75, 'Yes');

INSERT INTO MedalHo'no'rs (medal_ID, title) VALUES
(0, 'Worked on This Database lol'),
(2, 'Amazing Physical Feats'),
(10, 'Achieving Top 20 in Hero Rankings'),
(21, 'Extreme Luck'),
(22, 'Master Gamer'),
(23, 'Teacher of the Year 2000'),
(24, 'Model Citizen'),
(25, 'Bottomless Monster'),
(26, 'Slap Champion'),
(27, 'Fastest Man Alive 2000'),
(28, 'Miss Z City'),
(29, 'Z City Voice'),
(30, 'Mister Z City'),
(31, 'Star Hero'),
(156, 'Winner of Annual Hero Competition'),
(878, 'Achieving Top 5 in Hero Rankings'),
(921, 'Defeating Villains');

INSERT INTO PowerStats (powerStatsID, Hero_ID, dex, durability, luck, strength, intelligence) VALUES
(0, 0, 0, 10, 10, 15, 1),
(1, 1, 11, 7, 8, 8, 10),
(2, 2, 1, 1, 15, 2, 4),
(3, 3, 5, 4, 4, 5, 7),
(4, 4, 9, 5, 1, 6, 15),
(10, 13, 9, 6, 7, 9, 10),
(10, 17, 10, 10, 10, 10, 10),
(10, 21, 8, 7, 8, 7, 8),
(10, 25, 6, 6, 7, 7, 5),
(10, 39, 6, 3, 5, 6, 6),
(10, 51, 4, 4, 10, 3, 3),
(10, 111, 10, 5, 6, 9, 8),
(10, 112, 9, 5, 7, 8, 7),
(10, 116, 9, 5, 7, 8, 8),
(10, 117, 8, 4, 6, 8, 7),
(10, 334, 5, 6, 7, 5, 6),
(10, 337, 6, 6, 6, 6, 6),
(10, 481, 5, 3, 4, 5, 4),
(10, 513, 4, 3, 3, 3, 4),
(10, 522, 3, 3, 4, 4, 2),
(10, 540, 3, 4, 4, 4, 3),
(10, 589, 2, 4, 3, 3, 3),
(10, 5331, 3, 3, 5, 3, 2),
(10, 5385, 2, 3, 3, 2, 2),
(10, 9999, 10, 10, 10, 10, 10),
(11, 15, 4, 10, 8, 9, 6),
(11, 18, 10, 6, 6, 9, 6),
(11, 22, 7, 5, 7, 8, 7),
(11, 23, 7, 5, 7, 8, 7),
(11, 24, 7, 5, 7, 8, 7),
(11, 26, 5, 6, 7, 7, 6),
(11, 113, 8, 6, 5, 9, 10),
(11, 115, 8, 3, 7, 9, 9),
(11, 310, 6, 5, 7, 7, 7),
(11, 317, 5, 5, 6, 7, 7),
(11, 319, 6, 5, 6, 6, 7),
(11, 326, 6, 5, 6, 6, 6),
(11, 328, 5, 6, 7, 6, 7),
(11, 456, 5, 2, 5, 5, 4),
(12, 16, 4, 10, 5, 10, 9),
(12, 114, 9, 7, 7, 9, 8),
(12, 450, 4, 4, 5, 5, 5),
(13, 12, 5, 7, 7, 10, 9),
(13, 41, 5, 7, 5, 7, 6),
(13, 44, 15, 4, 15, 15, 15),
(14, 19, 9, 8, 4, 6, 9),
(14, 27, 5, 6, 7, 7, 6),
(14, 110, 5, 5, 8, 4, 5),
(15, 14, 9, 4, 6, 9, 10);

INSERT INTO Sche (schedule_ID, sDate) VALUES
(0, 2013-09-04),
(1, 2016-04-23),
(2, 2011-01-05),
(3, 2013-07-08),
(4, 2013-09-04),
(5, 2000-12-12),
(6, 2011-04-06),
(7, 2019-01-31),
(8, 2018-08-04),
(9, 2018-07-06),
(10, 2005-04-30),
(11, 2006-09-29),
(12, 2009-04-08),
(13, 2008-04-15),
(14, 2010-10-10),
(15, 2011-11-07),
(16, 2012-12-09),
(17, 2013-06-08),
(18, 2019-06-06),
(19, 2015-05-22),
(20, 2016-09-03),
(21, 2013-09-08),
(22, 2017-10-07),
(23, 2014-12-09),
(24, 2013-10-09),
(25, 2011-11-23),
(26, 2009-05-08),
(27, 2008-09-03),
(28, 2008-04-07),
(29, 2007-06-27),
(30, 2000-05-03),
(31, 2012-07-08),
(32, 2011-12-14),
(33, 2019-06-25),
(34, 2019-07-22),
(35, 2019-07-06),
(36, 2019-06-21),
(37, 2019-07-10),
(38, 2019-07-29),
(39, 2019-07-21),
(40, 2019-06-22),
(41, 2019-07-15),
(42, 2019-07-20),
(43, 2019-07-16),
(44, 2019-06-27),
(45, 2019-06-23),
(46, 2019-07-27),
(47, 2019-07-18),
(48, 2019-07-13),
(49, 2019-06-19),
(50, 2019-06-24),
(51, 2019-07-28),
(52, 2019-07-07),
(53, 2019-07-19),
(54, 2019-07-23),
(55, 2019-06-28),
(56, 2019-07-02),
(57, 2019-06-29),
(58, 2019-07-09),
(59, 2019-07-17),
(60, 2019-06-17),
(61, 2019-07-25),
(62, 2019-07-08),
(63, 2019-06-18),
(64, 2019-07-26),
(65, 2019-07-05),
(66, 2019-07-04),
(67, 2019-07-03),
(68, 2019-07-01),
(69, 2019-06-30),
(70, 2019-06-20),
(71, 2019-07-11),
(72, 2019-07-24),
(73, 2019-06-26),
(74, 2019-07-12),
(75, 2019-07-14);

INSERT INTO users (id, username, password, Hero_ID, is_admin) VALUES
(2, 'admin', NULL, NULL, 1),
(3, 'saitama', 'password123', 0, 0),
(4, 'genos', 'genos', 1, 0),
(5, 'king', 'dokidoki', 2, 0),
(6, 'fubuki', 'blizzard', 3, 0),
(7, 'bang', 'mypassword', 4, 0),
(8, 'coolguy23', 'coolpassword23', NULL, 0),
(9, 'lazy', NULL, NULL, 0),
(10, 'sdg', 'sfdgdfg', NULL, 0);


COMMIT;
